titles,category
월 한미 금리 진짜 역전되나한은 감내할 수준,Economic
하루 걸릴 콘크리트 타설에 일 공사비 급등에 멈춰 서는 건설현장,Economic
고난도 공정기술 증설탄력받는 소부장,Economic
기술주 연계  원금손실 공포,Economic
거래대금 조 혹한기 증권주자사주 소각고배당 주목,Economic
환로 눈돌리는 개미달러 하락엔 강세 베팅,Economic
파업에 업무방해죄 적용 합헌 결정에 노동계 시대착오적,Economic
영끌족 어쩌나 개월 새  오르자 대출이자만 조 늘었다,Economic
한국 노하우 전수받더니라오스 로또서 역대급 잭팟,Economic
년간 실패한 고준위 방폐물 문제 해결 위해선 특별법 시급,Economic
전월세 신고제 계도기간 연장임대차 법 손질 예고,Economic
리포트 물가 잡아라년 만에 두 달 연속 금리 올린 한은,Economic
이달 물가 대까지 뛴다 이창용 발등의 불 인플레 끄기,Economic
개월간 인당 이자부담 만원 늘어 영끌빚투족 비명 뉴스 투데이,Economic
년 뒤 부산인구 만 중위연령 살 더 늙어 세 년 총인구 만명,Economic
물가 더 급하다한은 년 만에 두달연속 금리 인상 뉴스분석,Economic
년 뒤 일할 사람 만 명 줄어든다중위연령 세로 껑충,Economic
대법 임금피크제 무효 판결금융노조 금융노동자 권리회복 시금석,Economic
인기 없는 인플레 파이터 길 걷는 이창용사상 첫 연속 금리인상 가능성,Economic
고객 돈인데은행 이자는 업비트가 꿀꺽,Economic
월 한미 금리 진짜 역전되나한은 감내할 수준,Economic
전두환 자녀 상속포기손자녀에게까지 역사 책임 묻진 않겠다,Economic
년 뒤 서울인구 만 중위연령 살 더 늙어 세 년 총인구 만,Economic
의 파격 친기업에조 투자 쏟아냈다,Economic
최태원 에 승부수 미래 투자 빅립 시동 걸었다 대기업 투자 러시,Economic
년간 조 풀고 만명 채용이재용 목숨 걸고 투자하는 것,Economic
개월만에 배 이상 된 기준금리 대출이자 어쩌나,Economic
숫자로 본 경제 전월세 정보량  늘어지하경제 선명해질 한 걸음,Economic
서울시 우이신설선 연장 대비 방학역세권 서쪽으로 넓힌다,Economic
당신의 월급 안녕할까요임금피크제 후폭풍 온다,Economic
결국 나오는 루나 대 거래소 에어드랍만 지원,Economic
대법원 합리적 이유 없는 임금피크제 무효연령차별,Economic
 구글이 한국의 잡채를 찍어 올린 이유,Economic
보험사 매도가능증권 평가익 우수수 지급여력 비상,Economic
 배터리 등 에 조을 첨단 고부가 핵심기지로,Economic
밀식용유대두 올해 개국 농산물 수출 제한식량 위기 커진다,Economic
공모주의 역설 데뷔 화려할수록 장기 수익률은 처참,Economic
빨라진 머니무브로 돈 몰린다,Economic
억 아파트에 매달 만원이자폭탄에 자녀계획도 미룬다,Economic
주담대 신용대출  코앞작년 월 이후 이자부담 조 늘어,Economic
 핵심사업 에 미래 건다투자액의  집중 투입,Economic
이미  천연가스가격 더 올라간다,Economic
역세권층 상가 큰 매력 없다코로나가 바꾼 상권 지도,Economic
서울 아파트 전세값 떨어졌다는데 강남서초는 반등,Economic
잠 못자는 영끌족더위 속 부동산은 찬바람,Economic
이자부담 느는데 집값 떨어지고영끌족 못 버티나,Economic
금리 어디까지 오르나이창용 연말  합리적,Economic
재계 성장 투자 대 그룹 취업문 활짝향후 년간 만명 이상 채용,Economic
  물가 초읽기에 매파 본색연내 네 번 올려  갈수도,Economic
성장률 우려엔비디아 실망기술주 먹구름 증시프리즘,Economic
주담대 마통  눈앞이자 년 전보다 만원,Economic
대법 위법 판단에 혼선 커진 임금피크제재계 줄소송 이어질라,Economic
억천만원 대출 받은 직장인 주담대이자 만원 늘어한달 월급 다 낼 판,Economic
커지는 이자 부담에노원 관악 금천 집값 먼저 빠졌다,Economic
경영 정상화 언제쯤 위태로운 비행,Economic
유통맞수 신동빈정용진 오프라인 통 큰 투자로 맞대결,Economic
 우주선 타고 여행 가실 분 가격은 왕복 억 원,Economic
서수원 최중심 입지이앤씨 편한세상 시티 고색 내달 공급,Economic
영상 환호 속 교신 완료한국 첫 지구관측 민간위성 발사 성공,Economic
이앤씨 친수 미항 재개발 인천항 인근서 편한세상 시티 항동 마리나 분양,Economic
 미래 대비해  집중투자  첨단 생산기지로,Economic
단독 토스페이먼츠 야놀자 등 가맹점 곳 확보 선두경쟁 뜨겁다,Economic
최태원 투자 키워드는 ,Economic
신세계도 년간 조 푼다정용진표 신세계 유니버스 박차,Economic
인플레이션 시대 부동산  키워드는 에셋파킹,Economic
엔지니어들 좋은 날 다 갔나경제침체에 사업 축소하는 빅테크,Economic
 주담대  눈앞대출 이자 낮추는 전략은,Economic
신세계그룹 온오프라인 사업에 년간 조신세계 유니버스 구축,Economic
년 명중 명 고령인구 국민연금 개혁 서둘러야,Economic
무모하다 비아냥에도 뚝심 투자글로벌 기업이 찾는 온리 원 됐다,Economic
이창용 물가 당분간 대연간전망 서 단숨에 로,Economic
폐기물 태울 때  활용해 소각재유해가스 줄인다,Economic
단독 흑석구역 대우건설 입찰제한 찬반 투표서 감사 의결권 논쟁 서울시 공공재개발 규정 재검토,Economic
국민연금 이사장에 강석훈 유력,Economic
는 배터리전장에 조 푼다지속 가능한 미래 준비,Economic
한은 움직이자 주요은행 예적금 금리 올렸다,Economic
대폭락 테라 으로 부활할 듯이르면 일 가동,Economic
에르메스 그릇 대기만 개월명품그릇 불티난다,Economic
재계 성장 투자 유통가 수 조원 투자해 펜데믹 돌파신사업 발굴도,Economic
직원 억 횡령 새마을금고 매우 송구사고금액 전액 보상,Economic
단독 삼성생명교보생명 등 큰손유럽 기업 대출펀드에 뭉칫돈,Economic
오너세 경영 전면에제지기업 변화 바람,Economic
종합 년간  푼다재계 춤추게 한  경제 활성화에 의기 투합,Economic
금리 인상에 코스피  하락하이닉스 대 급락오늘의 증시경향,Economic
자율차 시속  속도 제한 없앤다도로별 제한속도까지 달릴 수 있어,Economic
라씨로 탈탄소 속도전에 태양광 들썩오늘의 장마감 특징주,Economic
항공권 가격 배베케플레이션에 여름휴가 포기,Economic
단독 고물가전쟁 후폭풍애플 이어 삼성도 스마트폰 감산,Economic
보험사 주담대 이제는 대금리 인상 속도 빨라졌다,Economic
년간 조 쏜 이재용 목숨 걸고 앞만 보겠다,Economic
기준금리 올해 몇 차례 더 오를까연말  이상,Economic
오랜만에 해외 여행 가는데 비행기에 잡지가 없네,Economic
하루종일 회사가 술렁 초비상대법 임피제 판결 쇼크,Economic
삼성 첫 로봇 제품 전자 상표권 가진 젬스 대신  유력,Economic
단독  물가 진두지휘민생점검회의 만든다,Economic
임금피크제 무효 판결에 탄식 나온 재계 고용 부담에 현장 혼란 가중,Economic
코오롱태광효성 아라미드로 테이진듀퐁 따라잡는다,Economic
이창용 물가 위험 크다연말 금리  예상은 합리적,Economic
디젤 배기가스 조작했다 유죄 인정억 벌금 합의,Economic
동남아에 편의점 열풍 제쳤다,Economic
양의석 값 불안정에 전기료 인상 압력 더 커질수도,Economic
 조 조포스코 조줄줄이 투자 보따리,Economic
마스크 벗은  지갑은 닫았다리오프닝 여전히 팬데믹 매경 월가월부,Economic
잘나가던 엔비디아도 흔들월가 삼성전자 매수 기회,Economic
손보사 편입신한 종합금융 포트폴리오 완성,Economic
대기업 천조원 천문학적 투자에 중소기업들도 낙수효과 기대,Economic
대한항공 공군  전투기 창정비 사업 완료,Economic
정용진의 결단신세계 주요 사업에 년간 조 원 투자,Economic
매출 억인데 몸값 조고평가 논란 휩싸인 당근마켓,Economic
신저가 행진에 약세장 진입까지동서학개미 다 피눈물,Economic
전월세 신고제 계도기간 년 연장내년 월부터 과태료 낸다,Economic
송영길  오세훈  대선 이어 서울시장 선거도 부동산 민심 잡기,Economic
베이비스텝에 실망했나금리 올랐지만 금융주 주춤기술주 선방,Economic
하나은행 일부터 예적금 금리 최대  인상,Economic
 흥행하면 주가 휘청공모주의 역설 심해졌다,Economic
시간만에 완판 행진금리인상에 고금리 특판 봇물,Economic
 년간 에 조 투자인재 만명 국내 채용,Economic
라씨로 외국인 후성 등 차전지 소재주 보유비중 늘려,Economic
부산 롯데타워 경관심의 통과높이  랜드마크,Economic
선진국 경제 팬데믹으로 회복중개도국은  후퇴할것,Economic
디지털 무장한 개인세계화 제 물결 주도,Economic
원숭이 두창 백신도 확보전정부 도입 검토중,Economic
서울 분양 지연 잇따라아파트 대체재 오피스텔로,Economic
맞벌이하면 근로자녀장려금 받기 어렵다수급률 에 불과,Economic
세금으로 집값 잡으려면 보유거래세 동시 인하 안된다,Economic
강남 유일 뉴타운거여마천 재개발 탄력,Economic
중기장관은 시간 문제 있다 게임사 직원들은 부글부글,Economic
수원 영통 아파트 리모델링 훈풍한 달 새 개 단지 안전진단 통과,Economic
다주택자 양도세 중과 년간 배제이번엔 매물 쏟아지나,Economic
신세계 유니버스 구축 나선 정용진 년간 조 쏜다,Economic
우리는 테라와 다르다 위메이드맥스 거래일 연속 상승세위믹스 코인도  급등,Economic
서울 외곽 억억대 매수세 급속 위축,Economic
올해 안에 대출금리  돌파 예측이자 부담소비 위축 불보듯,Economic
이번엔   포스코  현대중 신세계 투자 보따리새 정부 임기 맞춰 내놓은 중장기 투자 계획,Economic
사이다 마시듯 수치까지 꼼꼼히과연 달랐던 이창용의 데뷔전,Economic
역대급 투자에 취업문 숨통 트이나대 그룹 만 명 채용 계획,Economic
롯데 이어 신세계도 투자 나선다 년간 조 대규모 투자,Economic
정용진도 통 큰 결단신세계 년간 조 역대급 투자,Economic
물가  우려에 기준금리 또 인상,Economic
루나 폭락 사태에 금감원 차이 등 코인 지급결제 현장점검,Economic
신분당선 신논현신사 연장광교역에서 신사까지 분,Economic
배터리바이오에 조 베팅 한국을  핵심기지로,Economic
이앤씨 억원 규모 자사주 매입 결정주주환원 약속 이행,Economic
기준금리 인상에 연 최고  주담대 현실화하나,Economic
금융시장 매파적 한은에 투자심리 위축,Economic
물가비상 매파적 한은에 주식원화채권 트리플 약세,Economic
정부 공공일자리 거품 빠지나 대 일자리만 찬바람,Economic
보험사병원 싸움에 실손가입자 등만 터진다백내장 집단소송까지,Economic
임금피크제는 연령 차별 판결에 노동계 환영재협상 예고,Economic
정용진 부회장도 나섰다신세계 유니버스 조 투자,Economic
미 빅스텝고물가에 쫓긴 한은두 달 연속 금리인상 초강수,Economic
삼성 낸드시장서 훨훨 날았다글로벌 점유율 과반 이상,Economic
신세계그룹 년간 총 조 원 대규모 투자 나선다,Economic
돌아온 예적금 계절 금리인상기 재테크는,Economic
기준금리 인상에 시중은행 예적금 금리 줄상향종합,Economic
기준금리 오르며 하나우리농협 예적금 금리 속속 인상종합보,Economic
에 푹 빠진 유통업계 가상 매장 늘리고 케릭터  판매,Economic
신세계 미래성장 디딤돌 될 년조 투자,Economic
주택사업 베테랑 백정완 사장의 대우건설 첫 수주는 신길동에서,Economic
최저임금 차등적용 논의해야 목소리 낸 소상공인들심의 진통 예고,Economic
중국이 고삐 풀자 웃는다중국 경기 부양에 수혜 전망되는 이 종목,Economic
대기업 곳 천조원 투자보따리올해 예산보다 많고  절반종합,Economic
전세계 세대 생활비 걱정에서 해방되고 싶다,Economic
단독코인 유사수신 급증하는데 수사의뢰율 ,Economic
전세금월세 미신고 시 과태료 년 유예 임대료 투명화 기여했다,Economic
쭉쭉 오르는 금리돈 벌어 이자도 못 갚는 상장사 늘어난다,Economic
상업업무용 부동산에 돈 몰리네분기 상가 실거래가 역대 최고,Economic
올해 기세 꺾인 펀드그래도 놓으면 안 되는 이유는,Economic
비트코인 가격 만원 수준까지 폭락할 수도,Economic
호암아트홀 역사의 뒤안길로삼성생명 서소문빌딩 사업시행인가 초읽기 부동산,Economic
우한 때보다 나쁘다는 총리 말에도 증시 왜 올랐나 마감,Economic
기준금리 연속 인상 부담하이닉스 하락에 코스피 휘청,Economic
임금피크제 무효 판결에 재계 비상고용 불안줄소송 우려종합,Economic
대출금리 또 오른다은행도 영업 비상,Economic
이창용 연말 기준금리  기대 합리적월 추가인상 시사종합보,Economic
신세계그룹 년간 조 투자 신세계 유니버스 구축 박차,Economic
실패한 테라 블록체인 테라 으로 부활할 듯,Economic
신세계 미래성장 디딤돌 될 년조 투자,Economic
임대차법 월 전세난 초읽기지역별 상황 달라질 듯,Economic
 옛 집 매입한 기업인 홍성열 등 대통령 사저 콜렉터,Economic
이앤씨 억 자사주 매입주주환원 약속 이행,Economic
주주환원 약속 이행이앤씨 억원 규모 자사주 매입 결정,Economic
엔터 벅스 싸이월드 복원 기대감에 상승세,Economic
대구경북 인구 년까지 만명 줄어든다,Economic
정용진 조 투자 보따리 푼다신세계 유니버스 구축,Economic
농협은행 고정형 주담대 금리 최대  인하우대금리 한도 확대,Economic
코인시장 패닉 안긴 테라  부활할듯일부터 생태계 재건,Economic
리뉴얼 전략 통했다지난해 이마트 매출 위 매장은,Economic
영상한은 기준금리 연 로 올려역머니무브 가속화되나,Economic
신세계그룹 년간 조 투자오프라인사업에 조 투자,Economic
롯데 이어 신세계도년간 조 투자,Economic
코스맥스 핵심법인 떼서 코스닥 상장증권가 차라리 자회사 사라,Economic
마스크 벗고 맡으세요 커지는 니치향수 시장,Economic
기준금리 오르자 은행권 줄줄이 예적금 금리 인상종합,Economic
이앤씨 억 자사주 매입주주환원 약속 이행,Economic
현대차포스코두산 뜨니글로벌 최대 가스 행사가 수소총회로 변신,Economic
인플레 파이터로 나선 이창용시장선 연말까지 세번 더,Economic
정부 출범하자 투자 조국이재용 목숨 걸고 한다,Economic
신세계 년간 조 투자일자리 만개 만든다,Economic
에 묻어둔 억 결국 뺐다요즘 부자들 돈 몰리는 곳,Economic
세계가스총회 덕대구 호텔업계 숙박료 인상에 눈총,Economic
동박으로 대박 난 일진머티리얼즈 매각 왜,Economic
영상판 커지는 전장시장삼성전기이노텍 진검승부,Economic
신세계 유니버스 본격화 신세계그룹 년간 조 투자 나선다,Economic
뉴스 국채 없는 추경 고집에 한은서 마통 쓰는 정부,Economic
하락장엔 장사없다타이거 글로벌 쿠팡리비안 전량 눈물의 손절,Economic
경기 심상치 않다 아마존 창고 정리리프트 채용 중단,Economic
대그룹 년간 만 명 신규채용모처럼 대기업 취업문 열린다,Economic
여름 시작도 안 했는데 벌써 전력예비율 예년보다  감소,Economic
또 개미만 털린건가외국인 위메이드맥스로 나흘간  차익,Economic
문 전 대통령 사저 매입자는 홍성열 마리오아울렛 회장 이명박박근혜 전 대통령 사저도 매입,Economic
년 서울 인구 만명대 전국 세 이상은 전체 ,Economic
거리두기 해제에도 내리막 탄 리오프닝 하반기엔 오를까,Economic
신세계그룹 년간 조 대규모 투자신세계 유니버스 구축 박차,Economic
임금피크제 무효 판결에 은행권 노사 법률검토 착수,Economic
오피스텔 분양받으면 취득세 전액 지원,Economic
입주물량 쏟아지자세종대구 집값 억억원 뚝뚝,Economic
신세계그룹 년간 총 조 대규모 투자 나선다,Economic
핫스탁다스코대한제당녹십자엠에스종합,Economic
원숭이두창도 공기전파  가능성 없다,Economic
 봉쇄 단계적 완화에 해상운임 급등 조짐,Economic
유럽 훈풍에 태양광주 볕 든다한화솔루션 급등,Economic
인구절벽에 재정부담 늘어정년연장여성참여 확대해야,Economic
한은 올해 물가  전망하방보다 상방리스크 더 크다종합,Economic
이창용 물가와의 전쟁 선포한은 사상 첫 석달 연속 금리인상 임박,Economic
서학개미들이 사랑한 엔비디아 흔들추가하락 줍줍기회,Economic
년 뒤 서울 인구 만 명 줄어든다,Economic
카타르 잭팟이 카타르 악몽으로업계 과도한 우려,Economic
코스피 기준금리 인상 영향에 약보합 마감반도체주 부진종합,Economic
금감원 테라 연계업체 조준 간편결제 차이 첫 타깃,Economic
년 만에 기준금리 두달 연속 인상인플레 억제 위한 조치,Economic
억만원 빌리면 원리금 연 만원 증가금리 추가 인상 시 만원 배,Economic
대출 원리금 상환 부담 더나청년신혼부부용 년 만기 주담대 내년 도입 전망,Economic
에스엠도 꺾은 주주제안 코스피 저평가 해소 열쇠,Economic
이자폭탄 온다 올해말 기준금리  전망 가계대출 이자 조,Economic
연내 두세번 더 금리인상비둘기를 매로 바꾼 그놈의 물가,Economic
심낭염도 백신 피해보상한다확진자 모레 저녁 사전투표 가능,Economic
이앤씨 억원 자사주 매입 결정주주환원 약속,Economic
상장사 사소한 공시 실수 줄이려면제때 충실한 공시 중요,Economic
강원에너지 양극재 열처리 커버리지 확대조 시장 정조준,Economic
문답한은 우크라전쟁 봉쇄 영향물가 상방리스크 더 커,Economic
그룹 미래 엔진 에 전력투구한다,Economic
선진국 최저임금  오를 때우리나라  올랐다,Economic
이앤씨 억원 규모 자사주 매입 결정주주환원정책 이행,Economic
약세장에 지친 서학개미단순 지수형  늘려,Economic
이창용 난 직접 화법 스타일지금 환율 감내할 수준,Economic
중소기업들 어쩌란 말이냐 임금피크제 대법 무효 판결 후폭풍 예고,Economic
전월세신고제 계도기간 년 연장임대차법 손질 첫 신호탄종합,Economic
중도금 대출 무이자 취득세 지원금리 상승기 파격 분양,Economic
기준금리 상승에 신용대출 금리 또 오르나차주들 한 숨,Economic
개월 새 기준금리 인당 이자 부담 만원 넘게 늘어,Economic
월 물가  정부 내주 초 민생대책 발표,Economic
소상공인 단체 최저임금 업종규모별 차등화 절실,Economic
한은 매파적 태도에 코스피코스닥 동반 하락 마감기관 팔자,Economic
지방집값 경고등에정부 첫 주정심서 해제지역 나올까,Economic
임대차법 손질 시동 건 정부전월세 신고제 년 더 유예,Economic
서울 아파트값 주 연속 보합 수도권 주째 하락,Economic
포스코그룹 년간 국내 조 등 총 조 투자만명 고용,Economic
영상내달 일본 하늘길 열린다항공주 이번엔 날까,Economic
루나 빗썸 상폐  벼랑 끝까지 죽음의 단타,Economic
광교신사역 분 거리로 신분당선 강남신사 일 개통,Economic
이앤씨 억원 규모 자사주 매입주주환원 약속 이행,Economic
통신 사 지분 늘리는 외인이익배당 두 마리 토끼 잡는다,Economic
정체불명 정책지원금 문자 진짜 정부지원금일까   뉴스,Economic
 년까지 국내 조 투자 차세대 먹거리에만 조 투입,Economic
강남신사 신분당 연장노선 일 개통신사광교 분,Economic
 반도체배터리바이오 등에 년간 조 투자 국내 투자만 조,Economic
광교에서 신사까지 분신분당선 강남신사 일 개통,Economic
대출규제에 연달아 금리인상까지 분의 토막난 거래 더 줄어들 듯,Economic
금리 오르는데 중기 빚 조 이자 못갚는 좀비기업 급증,Economic
광교서 신사까지 분신분당선 강남신사 구간 일 개통 부동산,Economic
유정준   부회장 탄소중립  정부 간 협의 필요,Economic
인플레에 화폐가치 뚝월세자산증대 가능한 에셋파킹 관심,Economic
일문일답한은 올해 물가 보다 더 높아질 수 있다,Economic
국채 랠리의 신호인플레보다 리세션 우려 커졌다,Economic
코스피 한국은행 금리인상 영향에 하락 전환,Economic
외환마감경기둔화 우려 커지자 위안화 약세환율 원 가량 상승,Economic
앞으로 년은 일자리 호황기대기업 만명 채용 보따리 풀었다,Economic
결국 전세준 집주인만 봉내년 월부턴 과태료 폭탄 터진다,Economic
오락가락 증시에 리버스마켓 펀드 수익률 선방주일새 조 넘게 순유입,Economic
공모가 낮춘 청담글로벌 일반 청약 경쟁률 대 에 그쳐,Economic
년 뒤 생산연령인구  줄어세종 뺀 모든 시도서 감소종합,Economic
무려 조 초대형 투자 예고한 재계키워드는 국내미래,Economic
코스피 한은 매파 태도에 하락 마감하이닉스 대,Economic
분기 낸드 침체에도 삼성전자 점유율 늘리며 위 수성,Economic
조 투자 계획 밝힌 현대차국내 투자는 불투명 노조 이슈 부상,Economic
코스닥 마감금리 인상 지속 전망에 약보합선,Economic
이창용 한은 총재 기준금리 연속 인상 배제 않아,Economic
택배노조 우체국본부 쉬운 해고 독소조항 월 일 경고파업,Economic
모델하우스도 이제 메타버스로강서자이 일 견본주택 오픈,Economic
비관론 속 한줄기 빛모건 비트코인 적정가는 만달러,Economic
속보영상 소상공인연합회 최저임금 인상일자리 사라진다 차등화 촉구,Economic
집 팔아 억 남긴 다주택자 세금 억 덜 낸다소득세법 개정안 확정,Economic
최악 출산율 지속시 년 뒤 서울 인구 만명 줄어든다종합,Economic
휘발유경유 사상 첫 동반 원 돌파천정부지 치솟는 기름값,Economic
이영 중기장관 손실보상 빠른 지급 위해 최선 다해달라,Economic
전월세 신고제 계도기간 년 더임대차 법 영향 분석 어떻게,Economic
억에 산 건물 억에 판 하이닉스 투자 확대 신호탄,Economic
 이후 최악하반기 대 물가상승률 경고,Economic
화성산업 신암재정비촉진지구 내 동대구역 센텀 화성파크드림 선착순 분양중,Economic
코스피 마감하락전환 선반도체 부진매파적 한은,Economic
비씨카드 한국인도네시아 잇는 결제 단독파트너로 선정,Economic
물가상승이 제일 위험 월도 기준금리 줄인상 될 것 종합,Economic
고삐풀린 기름값 휘발유경유 사상 첫 동반 원 돌파,Economic
집중진단  두 달 연속 금리인상성장보다 물가안정,Economic
똘똘한 한채 선호 현상에 강남권 프리미엄 오피스텔 디오페라 서초 해링턴 타워 인기,Economic
재계 조 투자 보따리 새 정부에 화답만명 고용종합,Economic
전북제주강원 아파트값 상승세서울은 보합권 유지,Economic
봉쇄에  물류기업 곳 중 곳 적자,Economic
그룹도 대규모 투자계획 발표년간 조 원 투자만명 채용,Economic
도 투자 나선다년간 각각 조조원 푼다,Economic
코로나 암흑기 안 끝났다자영업계 최저임금제 개선 단체행동 예고,Economic
두번 실패 없다한화에어로 누리호 차 발사 앞두고 성공에 최선 다할 것,Economic
은행 대출 금리 연말까지 쭉 오른다영끌빚투족 한숨종합,Economic
정부한은 대 물가 우려민생안정대책물가중심 통화정책종합,Economic
소진공 장기차입 부채 조 돌파,Economic
전월세 신고제 계도기간 년 더임대차 법 영향 분석 어떻게,Economic
억에 산 건물 억에 판 하이닉스 투자 확대 신호탄,Economic
비건 맛집들 속속농심풀무원에 이어 롯데도 팔 걷어,Economic
최은수 박사의 뭡니까  오늘의 용어 한국 스태그플레이션이라고,Economic
바이든이 접시 싹 비우고 엄지 척한 그 만찬의 한 수였다,Economic
빗썸도 원화 간편입금 시작입금 한도도 만원으로 증액,Economic
재계 성장 투자  년간 조원 투자 계획 발표신사업에 조 쓴다,Economic
경제계 임금피크제 무효 대법 판결에 산업계 파장 클 것 우려,Economic
온갖 기계로 번지는 테슬라 효과 잔디깎이 스노모빌도 배터리로 움직인다,Economic
독신은 받아도 맞벌이는 못받는 근로장려금혼인 페널티 개선 필요,Economic
한은 년만에 두달 연속 금리인상월 연속 인상까지 시사,Economic
식량위기 에너지보다 더 심각기근 무기화되고 있어,Economic
약속한 듯 역대급 투자보따리 내놓은 재계대기업 곳 년 간 조종합,Economic
포스코현대도 성장일자리에 조원 베팅한다,Economic
해외여행 활성화 요원한데 임대료 감면 끝날까근심 깊은 면세점,Economic
년 뒤에는 환갑이 중위연령더 늙고 쪼그라드는 한국,Economic
제의 루나 이르면 내일 출시업계는 회의적 반응,Economic
한은 기준금리 로 인상연말 중후반종합보,Economic
반도건설 분양가 상승세 속 합리적 분양가 갖춘 신경주 반도유보라 선착순 동호지정 계약 중,Economic
장관 반도체 지원 늦어 기업 도망갈 판월가 인텔보다 삼성전자,Economic
삼성 부동의 위 더 단단해졌다수요 약세에도 낸드 점유율 늘어,Economic
 투자에도 반기든 현대차기아 노조기본급부터 고용까지 평행선,Economic
문콕 우려 없는 자율주행 주차로봇 확대된다,Economic
마켓인테일러메이드 지분 확보 나선 이유는 몸값 폭등,Economic
우리은행 내일부터 예적금 금리 최대  인상,Economic
증권가 금통위의 물가 안정 의지에 기준금리 연말  가능,Economic
올해 물가상승률 내년초까지 인플레 우려,Economic
급여 올릴게요노조 결성 막다 소송 당한 애플 당근 던졌다,Economic
반도체 산업의 미래에 공감한다면투자할만한  주코노미,Economic
기준금리 연내 최소 번 더 올린다월에도 인상 가능성,Economic
 임금피크제 무효 판결에경제계 고용불안 심해질 것,Economic
구인난노조결성 움직임에애플 매장직원 최저시급  인상,Economic
에 조 태우는 최태원 빅립 시동 걸었다,Economic
대출 막히고 금리는 인상 지방선거 전 집값 불안한 혼조세,Economic
연말까지 금리 올린다는데이자부담 조 증가할 듯,Economic
한은 추가 금리인상 시사고개 숙인 코스피,Economic
하이닉스 분기 낸드 시장서 위로 밀려삼성은 로 위,Economic
억 이하 없어요거래절벽에도 저가 아파트 불티,Economic
민주당 세수추계 실패 및 과도한 오차 진상 규명할 것,Economic
저렴하거나 개발되거나경매 시장도 옥석가리기,Economic
아트비즈 강화하는 백화점들 순수미술 전공 임원은 누구,Economic
비듬피부염 유발하는 곰팡이균 니조랄로 치료와 예방 한번에,Economic
조 투자 이제부터 본게임바이오팜 항암제 정조준,Economic
포스코그룹 년간 조원 투자만천명 직접 고용종합,Economic
커지는 대출금리 부담회복세인 부동산 거래 시장에 찬물,Economic
매장 바꿨더니 매출 위로 쑥마트 리뉴얼 바람 세진다,Economic
상가 실거래가 역대 최고 수준 수도권지방 격차 더 벌어져,Economic
제주항공 억 영구채 배수진분기 순손실 억 급한불 끈다,Economic
예금적금만 들어도 이자 갈곳 없는 돈 몰릴까,Economic
 년간 국내 조원 투자만명 채용미래 성장 분야에  투자,Economic
이앤씨 편한세상 시티 항동 마리나 분양,Economic
곡물에 육류까지 각국 수출 빗장 잠근다물가 대책에 찬물 우려,Economic
단독문재인 전 대통령집 산 사람보니 또 마리오아울렛 회장,Economic
이창용 연말 기준금리  기대 합리적 종합,Economic
돋보기넥스트칩 적자 상태서  평가방법 적용,Economic
한은 올해 물가상승률  전망년만에 최고종합보,Economic
대법 임금피크제 무효 판단 기업 인건비소송 부담 증가 우려,Economic
박재범 소주 원스피리츠 이달 일 부산에 팝업스토어 연다,Economic
김승희오유경 백경란 질병청장과 보건복지 삼각편대 완성할까,Economic
삼성 미래 먹거리 공통 분모 배터리글로벌 투자 활발,Economic
서울 아파트값 주 연속 보합강남서초용산은 강세,Economic
 향후 년간 조원 투자만천명 신규채용도,Economic
고물가 쇼크에소 키우고 밭 갈고 경매하는 대형마트,Economic
포스코그룹 년간  투자만명 고용핵심 사업 경쟁력 강화,Economic
이영 장관 손실보전금 점검신속하고 차질 없이 지급,Economic
재계 조원대 투자 보따리 푼다민간 주도 경제정책  정부에 화답,Economic
서울 사당역 인근 역세권 고밀개발로 가구 신축단지 조성,Economic
택배회사 상하차 작업 중 휴대전화 슬쩍외국인 명 검거,Economic
국내 첫 비건 파인다이닝 식당 포리스트 키친 가보니,Economic
우리 기준금리 오르자 예적금 금리 즉시 인상,Economic
바이든이 싹 비운 만찬 제구포신 뜻 담겼다,Economic
돈 있어도 못 사네명품 브랜드 샤넬 인당 구매량 제한 정책 확대,Economic
유니콘 특례 호 보로노이 공모 흥행 반전 드라마 주인공 될까,Economic
늦어지는 금융위원장 인선금감원장국책은행장 인사도 릴레이 순연,Economic
전경련 한국 최저임금 수준 높고 인상 빨라 무리한 인상 자제해야,Economic
성장보다 물가가 먼저다이창용 총재의 시선,Economic
한국이 늙어간다년 뒤 일할 사람 만 명 감소,Economic
삼성 준법위원장 준법감시 제대로 하려면 이재용 부회장 기업 활동 보장돼야빠른 사면 필수,Economic
휴마시스 억원 규모 자사주 취득 신탁 계약,Economic
 정부 부동산 규제 영향 지방으로 눈돌린 대형사 연말까지 공급 봇물,Economic
영원한 위는 없다맥주생수비빔면 후발주자 약진,Economic
관망세 속 서울 아파트값 주 연속 보합강남서초용산 등 강세,Economic
우리은행 예적금 금리 최고 포인트 인상,Economic
바이든이 싹 비운 한식신동빈 회장이 직접 골랐다,Economic
경기 꺾이나한은 물가상승률 전망 대폭 올린 이유는,Economic
서울 아파트값 주 연속 보합강남서초용산은 상승,Economic
기준금리 인상 호재에도 은행주 하락세 전환왜,Economic
대법 임금피크제 무효 판결산업계 고용불안 역효과 비판,Economic
고삐 풀린 인플레기재부한은 한 목소리로 당분간 대 물가 오름세,Economic
코인원도 루나 퇴출한다대 거래소 모두 상폐,Economic
이창용 당분간 대 물가 지속물가상승 압력에 적극 대응할 것,Economic
이창용 성장률 주춤해도 물가 위험 더 크다추가 인상 시사 일문일답,Economic
위기의 타이어업계생존 전략은 대규모 투자와 개발,Economic
해외 증시 바로 확인해볼까네이버 실시간 증시 시세 조회,Economic
휘발유경유 가격 모두 원 돌파사상 초유 사태,Economic
금감원 우리은행 억원대 횡령 사건 검사 연장,Economic
우리은행 기준금리 인상에 예적금 금리 최대 ,Economic
청담글로벌 상장 후 절광군제실적확대 기대,Economic
정권 바뀌니 해볼 만 하다재건축 단지 안전진단 신청 러시 부동산,Economic
 년간 조 원 투자만명 신규 채용예년 대비 연간  증가,Economic
농식품부 배추무 등 가격 강세조만간 수급관리계획 발표,Economic
현대그룹 수소에 년간 조원 투자 만명 채용,Economic
금융위 안심전환대출 집값 억부터 순차 접수,Economic
이창용 추가 금리 인상 시사에국채 년물 장중  돌파,Economic
미래 먹거리에 천문학적 투자개 주요 그룹 년 간 조종합,Economic
월부터  규제 강화 예정이달 신규 분양 이어져,Economic
이재용 년간 조 투자 숫자는 모르겠고 그냥 목숨 걸고 한다,Economic
박재범 원소주 스피릿 부산 에서 먼저 만난다,Economic
전월세 신고제 계도기간 년 더 연장자진 신고 유도,Economic
재건축용산효과금리인상 우려서울 아파트값 주째 보합,Economic
대한항공 부산센터  팬텀 전투기 창정비 최종 출고,Economic
라씨로 개국 번진 원숭이두창 녹심자엠에스 연일 강세,Economic
담합 리스크 덮친 한샘리바트  특판사업 제동,Economic
한경라씨로 포스코엠텍 엑손모빌에 고망간강 공급 기대감에 강세,Economic
코스피 매파적 한은에 하락전환선 하회,Economic
한국 편의점에 밀렸다 닛케이가 대서특필한 사연 박종관의 유통관통,Economic
과천 푸르지오 벨라르테 단지내 상가 월 공급,Economic
천정부지로 치솟는 기름값경유휘발유 모두 천원 돌파종합,Economic
공사 서울리츠 행복주택 세대 입주자 모집,Economic
유류비 부담 갈수록 태산휘발유경유 첫 동반 원 돌파,Economic
일문일답 이창용 스태그플레이션보다 물가 상방 위험 더 크다,Economic
서울 인구 최악땐 만명중위연령 전국서 세,Economic
서희건설 특별 세무조사로 억원 추징 당해왜,Economic
아모레 거리두기 해제에도 대면 영업 축소 전략 지속,Economic
윤창호법 효력상실음주운전 반복 가중처벌 위헌,Economic
임금피크제 무효 판결에 경제계 당혹중장년 고용불안 부를 것,Economic
 년간 조원 투자 수소신재생 경쟁력 강화,Economic
이창용 금통위 데뷔전서 드러낸 매 발톱,Economic
일할 맛 나게 준다던 근로장려금 맞벌이엔 그림의 떡,Economic
더 저렴하게대형마트 물가 안정에 소비자 발걸음,Economic
손실보상 받으세요추경 미끼 보이스피싱 주의보,Economic
전월세신고제 계도 년 더내년 월부턴 과태료,Economic
공모시장 부진에유니콘 기업 증시 입성 먹구름,Economic
고기우유달걀값 오른 이유바로 이것,Economic
삼성은 굳건 하이닉스는 소폭 하락분기 낸드플래시 시장 희비,Economic
커지는 유류비 부담휘발유경유 사상 첫 동반 원 돌파,Economic
저출산 지속 시 년 뒤 서울 인구  줄어든다,Economic
신동빈 롯데어워즈서 끊임없는 변화혁신 이뤄낸 모두가 주인공,Economic
시총 위 암호화폐 리플 와 소송 끝나는 대로  추진할 것,Economic
뉴스까페 이제 화해는 여기서롯데몰에 오픈한 농심 레스토랑,Economic
노가리골목 꽉 채운 젊은 남녀일상회복 됐나 시민들에 물으니,Economic
금리인상에 영끌 매수자들 이자부담 급증거래절벽 계속될 듯,Economic
속보영상 한은 기준금리 추가 인상 시사,Economic
문답 이창용 총재 현재 금리 중립 수준보다 낮은 건 분명,Economic
해외 가려던 중소기업 억대 기부 기업 만든 삼성 매직 정지은의 산업노트,Economic
그룹 친환경에너지 등 신사업 영역 일자리 창출,Economic
이창용 연말 금리  합리적회 추가인상 시사,Economic
최태원구광모도 민간 주도 성장 지원사격 년간 조원 투자,Economic
외항사들 국제선 특가 프로모션 나서국제선 항공권 가격 급등에 할인으로 경쟁,Economic
용산 아파트값 주째 상승서울 전체 주 연속 보합,Economic
한손뉴스 만 원으로 삼겹살을 얼만큼 살 수 있을까,Economic
테라 테라  곧 온다새 루나블록체인 부활시킬 것,Economic
올해 예산보다 많은 조 대기업 투자액의 절반,Economic
재계단체 대법원 임금피크제 위법 판결에 불가피한 조치 부작용 심해질 것,Economic
노동계 임피제로 노동자 임금만 깎여폐지 독려,Economic
현대차 고려대에 스마트모빌리티 학부 설립졸업 후 입사 보장종합,Economic
넥센타이어 대한통운 슈퍼레이스 챔피언십서 위,Economic
명태 가격 떨어지도록해수부 톤 방출,Economic
확 바뀐 제로페이 마이데이터예산낭비부정수급 원천봉쇄,Economic
김대호의 경제읽기 한은 기준금리 로추가 인상 전망은,Economic
대법원 판결로 임금피크제 중대 기로,Economic
레이크필드 운정 위버젠 선착순 분양,Economic
라씨로 태양광 설비 원전 비중 제쳤다현대에너지솔루션 ,Economic
농식품부 배추무 등 가격 강세폭염장마로 수급 불안 우려,Economic
추가 금리 인상 부담되나코스피 기관 매도에 하락전환,Economic
집 팔아야하는데금리 인상에 부동산 거래 더 얼어붙을까,Economic
삼성물산 국내 최대 층간 소음 해소 연구소 래미안 고요안랩 개관,Economic
종합 한은 물가 수개월간 대 유지할 것월 연속 금리 인상하나,Economic
휘발유경유 가격 모두 당 원 넘었다사상 최초,Economic
부동산 해법 바뀐 민주당 대선 이후 두달 새 무슨 일 있었나,Economic
휘발유경유 사상 첫 동반 원 돌파고유가에 유가 소비량도 뚝,Economic
작년 월평균 아파트 관리비 만원가장 많이 나온 항목 보니,Economic
대출이자 늘고 집값은 떨어지고영끌족 이중고에 떨고 있다,Economic
한은  금리 인상성장보다 물가안정,Economic
경유에 휘발유마저 뚫었다기름값 사상 첫 당 원 시대,Economic
이창용 총재 매파 발언에 코스피 보합 전환기관 순매도 돌아서,Economic
역대급 기름값 운전대 잡기 두렵다경유휘발유 모두 원선 넘어,Economic
사우디 아람코 발보린 윤활유 사업부문 인수 추진,Economic
일문일답 이창용 스태그플레이션보다 물가 상방 위험 더 크다,Economic
휴마시스 억원 규모 자사주 취득주주가치 제고 목적,Economic
물가 잡는 게 먼저 한은 년 만에 두 달 연속 금리인상,Economic
 구광모 회장 주재로 일부터 한 달간 전략보고회 실시,Economic
분기 글로벌 낸드 시장 과반이 한국산 삼성  압도적 위,Economic
싹 비웠다 바이든 극찬 정상회담 만찬 메뉴 뭐길래,Economic
솔브레인 사상 최대 실적 흐름 지속목표주가 만원,Economic
애플카 핵심인력 유출 심각테슬라 출신 전문가도 이직,Economic
이창용 한은 총재 한미 기준금리 역전 당연 국내경제 감내할 수준,Economic
이창용 곡물값이 올라서한은 물가 전망치 ,Economic
서울 아파트값 주 연속 보합매도자매수자 힘겨루기,Economic
우주그린에너지년 한화 향해 뛴다종합,Economic
짙어지는 양극화강서용 상승 인천경기 하락,Economic
요지부동 서울 집값다주택자 매물에도 매수자 발길은 뚝,Economic
 년간  등에 조원 투자만천명 신규채용,Economic
최저임금 심의 진통 본격화소상공인 구분적용 노동계 만원대로 인상,Economic
주춤하는 아파트값주 연속 하락세,Economic
단독금감원 페이코인밀크클레이 등 코인 지급결제 현장점검 확대,Economic
단독 이근 침투 작전 때 무릎 다쳐 재활 필요러시아군의 민간인 공격 목격,Economic
당분간 지켜보자 서울 아파트값 주째 보합용산서초 강세는 계속부동산,Economic
비혼인다인가구최저임금 생계비 기준 어디에 맞춰야 할까,Economic
실전재테크하반기 업종 기상도 전차 군단 맑음실적주 장바구니 담아라,Economic
이게 무슨 일이야우아한형제들이 일에 관심이 많은 이유,Economic
 년간 조원 투자수소신재생 선점한다,Economic
서울 집값 주째 보합고가시장 강세 중저가 약세,Economic
청년 일자리 불안에 기업부담 가중 재계 임금피크제 무효 판단에 우려,Economic
재계 대법 임금피크제 무효 판결 기업 고용 불안 키울 것,Economic
최악 시나리오 년 뒤 서울 인구 만명분의 감소,Economic
경제계 임금피크제 무효 판결에 즉각 반발고용 불안 우려,Economic
설탕도 오른다인도 수출 제한에 대한제당  급등,Economic
이창용 한미 금리역전 가능성 높아졌지만 감내할 수 있어,Economic
공사 서울리츠 행복주택 가구 공급시세 ,Economic
금감원 억원대 횡령 우리은행 수시 검사 연장,Economic
삼성물산 국내 최대 층간소음 연구시설 고요안랩 개관,Economic
현대제철 저탄소 전기로 쇳물 생산 주도,Economic
전월세 신고제 년 연장된다내년 월부터 과태료,Economic
이창용 당분간 물가 중심 통화정책 운용기준금리 추가 인상 시사,Economic
반품비 논란 발란 진짜 문제는 신뢰 하락,Economic
꺾이지 않는 신용대출 금리 상승은행 신용대출 만기 확대 업권 전체로,Economic
부산이 늙어간다 년 중위연령 세,Economic
임금피크제 무효 대법 판결에 경제계 고용불안 심화할 것,Economic
사면초가 가구업계부동산 정책 탈출구될까,Economic
도전 직면 엔비디아 분기 먹구름 분 미국주식,Economic
초록뱀미디어  케이플러스 인수증자 참여로 지분  확보,Economic
년 서울 인구 만세종만 인구 성장,Economic
금리 인상에도 증시 반등예상 수준,Economic
재계  투자 보따리 푼다만명 신규 채용,Economic
일문일답이창용 내년에도 대 물가 이어질 수 있어,Economic
한은 올해 물가 경상 흑자 축소종합,Economic
그룹 년간 조 투자개척자 최태원 빅립 본격화,Economic
기준금리 인상 부동산 시장에 어떤 영향 미칠까영끌 빚투 큰 타격 받을 수도,Economic
대한상의  임금피크제 무효 기업 부담 가중 우려,Economic
오래 있고싶은 공간으로 재구성신선해진 이마트,Economic
부울경 등 영남권 년 뒤 생산인구 반토막,Economic
조원 투자 계획 밝힌 이재용 목숨 걸고 하고 있다,Economic
커지는 이자 압박 영끌변동금리의 역습,Economic
이 송아지는 주인이 명입니다 개월 예상 수익률  소테크,Economic
원숭이두창 년전 영국에 침투해 암암리 전파됐을 수도,Economic
세 경영자가 사고 쳤다 비아냥년 만에 러브콜 쏟아졌다 안대규의 히든챔피언,Economic
전월세 신고제 계도기간 년 연장내년 월부터 과태료,Economic
임대차법 시장 호응 썰렁전월세 신고 만건 그쳐,Economic
대전 죽동지구 죽동 리슈빌 까사포레 일까지 청약 접수,Economic
올해 기준금리 최대  가능연 이자부담 만원 증가,Economic
전경련 대법 임금피크제 무효 고용 불안 유발할 것,Economic
맞벌이 근로자녀장려금 수급률 낮아혼인 페널티 재검토해야,Economic
한은 올해 물가상승률  전망년만에 최고종합보,Economic
대리에서 과장으로 승진 하는 일 똑같은데 월급이 줄었어요,Economic
한은 하반기 물가 상승률 내년초까지 대 물가 안 멈춘다,Economic
한은 올 물가 전망 이창용 월 물가는 대종합,Economic
현대엔지니어링 복합단지 힐스테이트 동탄 르센텀 분양,Economic
역대급 덩치 커진 물류 투자시장 리츠조각투자도 주목,Economic
물가에 최우선 방점 둔 이창용 연말 기준금리  기대 합리적종합,Economic
심낭염도 모더나화이자 백신 이상반응 인정신청시 소급적용,Economic
병점역 로데오거리 최고 노른자위 입지 병점역 서영 더엘 분양 앞둬,Economic
대 그룹 조원 넘게 쏟아붓는다소통에 화답하다,Economic
시그널 분기에만  적자한전 결국 투기등급 전락,Economic
 반도체 등에 조 투자도 조,Economic
수원역 일대 오피스텔 페트라인더시티 분양 예정,Economic
이창용 빅스텝 배제 안해기준금리 연말  갈 수도,Economic
서울 떠나 인천으로힐스테이트 불로 포레스트 수요자 눈길,Economic
국내 대기업들 바이오 에 조단위 붓는다,Economic
기준금리 이창용 치솟는 물가에 선제대응종합,Economic
분기 낸드 점유율 희비삼성전자 웃고 하이닉스 울고,Economic
회계개혁 명암몸값 뛴 회계사 자격시험 점수도 쑥쑥,Economic
미래 바꿀 스타트업 우리가 품는다수천억 펀드 조성 추진,Economic
테라  온다 새 루나블록체인 이르면 일 가동,Economic
대법 임금피크제 무효 판결정년연장 빨간불,Economic
  얘기 다 들어줘 참석했던 대표들 사업할 맛 난다 말해,Economic
현대산업개발 새 수장 최익훈 대표 구원투수 될까,Economic
백슬라 쓸어담는 서학개미테슬라 주가 방향은,Economic
서울 빌라 전월세 거래 역대급아파트 매매 건 중 건 상승 식후땡 부동산,Economic
 허가신청 한미약품 포지오티닙 마지막 퍼즐 임상상 시작,Economic
종목속으로차전지반도체 양날개 단 후성외국인 순매수 랠리,Economic
방역 올인 제동 건  총리방역도 돈 있어야,Economic
이창용 성장보다 물가 부정적 효과 더 커월 또 올린다종합,Economic
신풍제약 신뢰 회복 시급한데비자금 조성으로 도덕성 치명타,Economic
최악 출산율 지속 시 년 뒤 서울 인구 만 명 줄어든다,Economic
이창용 당분간 물가 중심 통화정책기준금리 추가인상 시사,Economic
이창용 연말 기준금리  기대 합리적추가인상 시사종합,Economic
최대  뚝년새 상장사 곳 중 곳 주가 추락,Economic
베트남 점안제 에 사활 건 삼일제약 고객사 유치 자신,Economic
